{
    "parent": "item/generated",
    "textures": {
        "layer0": "item/writable_book"
    },  
    "overrides": [
        { "predicate": { "custom_model_data": 220}, "model":"item/letter/letter-and-quill"},
        { "predicate": { "custom_model_data": 222}, "model":"item/letter/black-letter-and-quill"},
        { "predicate": { "custom_model_data": 224}, "model":"item/letter/red-letter-and-quill"},
        { "predicate": { "custom_model_data": 226}, "model":"item/letter/green-letter-and-quill"},
        { "predicate": { "custom_model_data": 228}, "model":"item/letter/brown-letter-and-quill"},
        { "predicate": { "custom_model_data": 230}, "model":"item/letter/blue-letter-and-quill"},
        { "predicate": { "custom_model_data": 232}, "model":"item/letter/purple-letter-and-quill"},
        { "predicate": { "custom_model_data": 234}, "model":"item/letter/cyan-letter-and-quill"},
        { "predicate": { "custom_model_data": 236}, "model":"item/letter/light_gray-letter-and-quill"},
        { "predicate": { "custom_model_data": 238}, "model":"item/letter/gray-letter-and-quill"},
        { "predicate": { "custom_model_data": 240}, "model":"item/letter/pink-letter-and-quill"},
        { "predicate": { "custom_model_data": 242}, "model":"item/letter/lime-letter-and-quill"},
        { "predicate": { "custom_model_data": 244}, "model":"item/letter/yellow-letter-and-quill"},
        { "predicate": { "custom_model_data": 246}, "model":"item/letter/light_blue-letter-and-quill"},
        { "predicate": { "custom_model_data": 248}, "model":"item/letter/magenta-letter-and-quill"},
        { "predicate": { "custom_model_data": 250}, "model":"item/letter/orange-letter-and-quill"},
        { "predicate": { "custom_model_data": 252}, "model":"item/letter/white-letter-and-quill"},
        { "predicate": { "custom_model_data": 254}, "model":"item/letter/fancy-red-letter-and-quill"},
        { "predicate": { "custom_model_data": 256}, "model":"item/letter/fancy-green-letter-and-quill"},
        { "predicate": { "custom_model_data": 258}, "model":"item/letter/fancy-blue-letter-and-quill"},
        { "predicate": { "custom_model_data": 260}, "model":"item/letter/fancy-purple-letter-and-quill"}
    ]
}
